id,address,city,end_date,name,prize_money,start_date,state,url,zip,map_link,organizer,inserted_at,updated_at
62fc9f94-75cb-4ac2-ae19-4c5bdf5f110f,,,2022-02-20,Foot Solutions Arizona Grand Slam,120,2022-02-16,,https://www.pickleballtournaments.com/tournamentinfo.pl?tid=5215#menuInformation,,,ppa,2022-02-07 03:22:16,2022-02-07 03:22:16
803e123e-1a65-4733-b0e7-0558767ee3f9,,,2022-02-27,Ororo PPA Indoor National Championships,120,2022-02-24,,,,,ppa,2022-02-07 03:22:16,2022-02-07 03:22:16
b3cf5fb9-497a-4e2e-9f82-b0704e4cd0a2,,,2022-03-13,PPA Riverland Open,120,2022-03-10,,https://www.pickleballtournaments.com/tournamentinfo.pl?tid=5394,,,ppa,2022-02-07 03:22:16,2022-02-07 03:22:16
ac16f3b2-fa9e-4ba7-8d43-f295a24c12a3,,,2022-03-27,Austin Open,120,2022-03-23,,,,,ppa,2022-02-07 03:22:16,2022-02-07 03:22:16
2ba77b25-252e-425a-8fe6-65027fb2b39e,,,2022-04-10,Red Rock Open,120,2022-04-06,,https://www.pickleballtournaments.com/tournamentinfo.pl?tid=5402,,,ppa,2022-02-07 03:22:16,2022-02-07 03:22:16
a9424f3d-43b8-44ab-a642-b769374fca78,,,2022-05-08,North Carolina Open,120,2022-05-05,,,,,ppa,2022-02-07 03:22:16,2022-02-07 03:22:16
472fbc9e-9541-41a5-b185-445612569234,,,2022-05-22,Atlanta Open,120,2022-05-18,,,,,ppa,2022-02-07 03:22:16,2022-02-07 03:22:16
465ae24a-afeb-4748-97c7-a21b3c4c94ef,,,2022-06-12,Select Medical Orange County Cup,120,2022-06-09,,https://www.pickleballtournaments.com/tournamentinfo.pl?tid=5405,,,ppa,2022-02-07 03:22:16,2022-02-07 03:22:16
967384bd-b776-4cb3-8a67-42b7f853a6bd,,,2022-07-31,Rocky Mountain Open,120,2022-07-28,,,,,ppa,2022-02-07 03:22:16,2022-02-07 03:22:16
97239de0-1fff-42cc-991d-94a41e519071,11 Clubhouse Dr,,2022-08-14,Takeya Showcase,120,2022-08-11,,https://www.ppatour.com/event-location/the-tennis-club-at-newport-beach-ca/,,,ppa,2022-02-07 03:22:16,2022-02-07 03:22:16
ae704f30-f6ed-479a-9942-9a340d11d08b,,,2022-08-21,PPA TBA,120,2022-08-17,,,,,ppa,2022-02-07 03:22:16,2022-02-07 03:22:16
0648049d-88d2-466a-987d-a0cd4084f5bb,,,2022-09-11,Baird Wealth Management Open,120,2022-09-07,,,,,ppa,2022-02-07 03:22:16,2022-02-07 03:22:16
353e2d6b-12b8-4d01-b077-b57c4e493b00,,,2022-09-25,Toronto Open,120,2022-09-22,,,,,ppa,2022-02-07 03:22:16,2022-02-07 03:22:16
2770b178-0d70-4747-8216-3ef27e8f0954,,,2022-10-09,n2grate DC Open,120,2022-10-05,,,,,ppa,2022-02-07 03:22:16,2022-02-07 03:22:16
d0f4ac6a-404b-458b-885b-4acdbcea4882,,,2022-10-23,PPA Championship (Grand Slam),120,2022-10-19,,,,,ppa,2022-02-07 03:22:16,2022-02-07 03:22:16
1a7360ab-b8b3-4bba-9343-2fbdedc3f5ad,,,2022-11-06,Baird Wealth Management Texas Open,120,2022-11-03,,,,,ppa,2022-02-07 03:22:16,2022-02-07 03:22:16
a71509fe-bb8c-4f11-8b7b-9a6de41c7897,,,2022-12-04,Orlando Cup,120,2022-12-01,,,,,ppa,2022-02-07 03:22:16,2022-02-07 03:22:16
f5f04965-e238-4828-8bdf-b3b3cc80a837,,,2022-12-18,The Hyundai Masters (Grand Slam),120,2022-12-15,,,,,ppa,2022-02-07 03:22:16,2022-02-07 03:22:16
b23caa71-6b87-483e-873c-fed209566be6,,Mesa,2022-01-16,Mesa Open,75,2022-01-13,AZ,,,,app,2022-02-07 03:22:16,2022-02-07 03:22:16
6934ceea-da2c-4907-9ae2-976c3372a601,,Boca Raton,2022-01-23,APP Masters,75,2022-01-18,FL,,,,app,2022-02-07 03:22:16,2022-02-07 03:22:16
236acfe7-a2dd-41dc-9421-3568cc6721be,,Punta Gorda,2022-02-27,Punta Gorda,40,2022-02-23,FL,,,,app,2022-02-07 03:22:16,2022-02-07 03:22:16
934f734a-885c-48c7-883c-3a4884204923,,Plantation,2022-03-06,Plantation Open,40,2022-03-02,FL,,,,app,2022-02-07 03:22:16,2022-02-07 03:22:16
f9ab2dad-49a4-4a04-bc96-a9addb4f6aa0,,Unknown,2022-03-20,Delray Beach Pickleball Open ,60,2022-03-15,FL,,,,app,2022-02-07 03:22:16,2022-02-07 03:22:16
58b92383-9eaf-488f-a899-1eb9e2a46cd1,,Unknown,2022-04-03,Legacy Open,60,2022-03-29,AZ,,,,app,2022-02-07 03:22:16,2022-02-07 03:22:16
d6d8ce2d-0e52-4365-bd97-375c4e056e3c,,Unknown,2022-04-10,Prescott,50,2022-04-06,AZ,,,,app,2022-02-07 03:22:16,2022-02-07 03:22:16
b22ad7fa-b87d-42d5-ba6a-b2802622a6aa,,Unknown,2022-04-17,South Carolina Open,50,2022-04-14,SC,,,,app,2022-02-07 03:22:16,2022-02-07 03:22:16
3ebfb9f0-c1a9-452d-8fe7-60d9708d23a9,,Unknown,2022-05-08,St. Louis Open,100,2022-05-04,MO,,,,app,2022-02-07 03:22:16,2022-02-07 03:22:16
c5ea93d8-6a5e-4107-8a54-69bd266a7f0e,,International,2022-05-07,Guadalajara Open,35,2022-05-05,Mexico,,,,app,2022-02-07 03:22:16,2022-02-07 03:22:16
dcd21421-4509-474d-aa88-b336a251d4f9,,Unknown,2022-05-15,Cincinnati Open,35,2022-05-12,OH,,,,app,2022-02-07 03:22:16,2022-02-07 03:22:16
2dbaf7ec-aa4d-49b0-b530-cebdce0166b1,,Unknown,2022-05-29,New York City,125,2022-05-25,NY,,,,app,2022-02-07 03:22:16,2022-02-07 03:22:16
cb5b7380-7ae9-4574-ac42-49f277e88817,,Unknown,2022-06-05,Indianapolis Open,35,2022-06-03,IN,,,,app,2022-02-07 03:22:16,2022-02-07 03:22:16
29802a01-8868-457d-87e3-bb36b8777b63,,Unknown,2022-06-19,So Cal Classic,40,2022-06-15,CA,,,,app,2022-02-07 03:22:16,2022-02-07 03:22:16
d15fb8e1-7990-41e6-8e32-38a042d676cc,,Unknown,2022-06-26,Los Angeles Open,40,2022-06-23,CA,,,,app,2022-02-07 03:22:16,2022-02-07 03:22:16
0c188d47-63f1-42f3-906a-3f667fb84454,,International,2022-07-03,English Open,0,2022-06-30,UK,,,,app,2022-02-07 03:22:16,2022-02-07 03:22:16
65f0d2e1-6cda-407e-a455-e85dfb18ca36,,Grand Rapids,2022-07-24,Beer City Open,75,2022-07-20,MI,,,,app,2022-02-07 03:22:16,2022-02-07 03:22:16
9a432c38-76a2-4c08-9281-934b50487a2c,,Unknown,2022-07-31,Pacific NW Classic,25,2022-07-27,OR,,,,app,2022-02-07 03:22:16,2022-02-07 03:22:16
655b7019-5239-403d-9388-2ccd6ec33bc1,,Unknown,2022-08-14,APP New Jersey Open,50,2022-08-10,NJ,,,,app,2022-02-07 03:22:16,2022-02-07 03:22:16
385e5215-d490-4097-a7fe-c796e268158e,,Unknown,2022-08-28,Philadelphia Open,35,2022-08-25,PA,,,,app,2022-02-07 03:22:16,2022-02-07 03:22:16
b26217ee-847a-4a97-a168-443e91153c0e,,International,2022-08-28,French Open,0,2022-08-25,FRANCE,,,,app,2022-02-07 03:22:16,2022-02-07 03:22:16
991cbea3-0c39-408a-a91d-b6d618f4151f,,Unknown,2022-09-04,Chicago Open,50,2022-08-31,IL,,,,app,2022-02-07 03:22:16,2022-02-07 03:22:16
a3948a12-6705-4cc4-af24-173d043246ea,,International,2022-09-04,Spanish Open,0,2022-09-01,SPAIN,,,,app,2022-02-07 03:22:16,2022-02-07 03:22:16
2138a428-3001-4572-b7d5-737eba6ca8b7,,Unknown,2022-09-11,Atlanta Metro Open,60,2022-09-07,GA,,,,app,2022-02-07 03:22:16,2022-02-07 03:22:16
14be5f4a-0103-4ad7-915b-ffcee52d11ef,,Unknown,2022-10-09,Alabama Classic ,35,2022-10-06,AL,,,,app,2022-02-07 03:22:16,2022-02-07 03:22:16
7e925b6c-a1e7-46cc-a52f-24626daa9ab7,,Unknown,2022-10-16,APP Houston Open ,50,2022-10-13,TX,,,,app,2022-02-07 03:22:16,2022-02-07 03:22:16
fe37499f-bbd6-4d5e-b03f-0e5ca6dce218,,Unknown,2022-10-23,APP Austin Open ,50,2022-10-20,TX,,,,app,2022-02-07 03:22:16,2022-02-07 03:22:16
de8cd670-0459-465b-a47f-f1bd23244e56,,Unknown,2022-10-30,Hilton Head Open ,60,2022-10-26,SC,,,,app,2022-02-07 03:22:16,2022-02-07 03:22:16
3c2eb89e-4490-4026-bd0b-56d8abadd08b,,Unknown,2022-11-20,World Pickleball Classic,25,2022-11-17,FL,,,,app,2022-02-07 03:22:16,2022-02-07 03:22:16
16445544-c270-4a84-a6ac-eb44a2d9a1d7,,Unknown,2022-12-04,Casa Grande Open,50,2022-11-30,AZ,,,,app,2022-02-07 03:22:16,2022-02-07 03:22:16
73857b34-c12c-4ec4-8f74-94e5eb97f30c,,Unknown,2022-12-11,World Pickleball Open,25,2022-12-08,FL,,,,app,2022-02-07 03:22:16,2022-02-07 03:22:16
08be7cd6-931b-40b1-87bf-bfdecddddee0,,International,2022-12-11,Cancun Open,35,2022-12-09,Mexico,,,,app,2022-02-07 03:22:16,2022-02-07 03:22:16
ccc10456-ef3a-44a2-95ac-297374ad4ff5,,Unknown,,Mesa Open,75,2023-01-01,AZ,,,,app,2022-02-07 03:22:16,2022-02-07 03:22:16
63ab039a-e00f-420a-b088-b05aa274240b,,Unknown,,APP Masters,75,2023-01-01,FL,,,,app,2022-02-07 03:22:16,2022-02-07 03:22:16
419199bf-ff47-4b28-880a-4c6b0c4480fa,2343 E Tournament Way,Tucson,2022-01-30,2022 Tucson Senior Olympic Festival,0,2022-01-26,AZ,https://usapickleball.org/event/2022-tucson-senior-olympic-festival/,85713,https://maps.google.com/maps?f=q&source=s_q&hl=en&geocode=&q=2343+E+Tournament+Way+Tucson+AZ+85713+United+States,usa_pickleball,2022-02-07 03:22:20,2022-02-07 03:22:20
167089f4-d970-42dd-a24c-71e284bbe28a,5400 Gary St,Fort Smith,2022-01-30,Arkansas Open,0,2022-01-28,AR,https://usapickleball.org/event/arkansas-open/,72901,https://maps.google.com/maps?f=q&source=s_q&hl=en&geocode=&q=5400+Gary+St+Fort+Smith+AR+72901+United+States,usa_pickleball,2022-02-07 03:22:20,2022-02-07 03:22:20
cd0ae8ee-d3d3-4709-9e0b-97593a5af828,2775 MacKenzie Creek Rd,Chula Vista,2022-01-30,MacKenzie Creek SoCal Classic,0,2022-01-28,CA,https://usapickleball.org/event/mackenzie-creek-socal-classic/,91914,https://maps.google.com/maps?f=q&source=s_q&hl=en&geocode=&q=2775+MacKenzie+Creek+Rd+Chula+Vista+CA+91914+United+States,usa_pickleball,2022-02-07 03:22:20,2022-02-07 03:22:20
9c6761a3-33af-47ca-8863-e6b1e2a69feb,4500 SE Pine Valley St,Port St Lucie,2022-01-31,Lucy Kitcher Presents 2022 Club Med Pickleball Championship a SSIPA Circuit Event,0,2022-01-28,FL,https://usapickleball.org/event/lucy-kitcher-presents-2022-club-med-pickleball-championship-a-ssipa-circuit-event/,34952,https://maps.google.com/maps?f=q&source=s_q&hl=en&geocode=&q=4500+SE+Pine+Valley+St+Port+St+Lucie+FL+34952+United+States,usa_pickleball,2022-02-07 03:22:20,2022-02-07 03:22:20
a6f84370-f02b-4574-8b9d-d52ff0266cab,5001 East Main St.,Mesa,2022-02-03,21st Annual All City Tournament,0,2022-02-01,AZ,https://usapickleball.org/event/21st-annual-all-city-tournament/,85205,https://maps.google.com/maps?f=q&source=s_q&hl=en&geocode=&q=5001+East+Main+St.+Mesa+AZ+85205+United+States,usa_pickleball,2022-02-07 03:22:20,2022-02-07 03:22:20
bd9e4215-00b8-4097-a525-829c435e00d3,3500 Thomasson Drive,Naples,2022-02-06,Naples Pickleball Center Championship,0,2022-02-04,FL,https://usapickleball.org/event/naples-pickleball-center-championship/,34112,https://maps.google.com/maps?f=q&source=s_q&hl=en&geocode=&q=3500+Thomasson+Drive+Naples+FL+34112+United+States,usa_pickleball,2022-02-07 03:22:20,2022-02-07 03:22:20
32d2864f-fe31-41fe-829e-1d7b4531ee91,43-900 San Pablo Ave.,Palm Desert,2022-02-06,Palm Desert Senior Games,0,2022-02-04,CA,https://usapickleball.org/event/palm-desert-senior-games/,92260,https://maps.google.com/maps?f=q&source=s_q&hl=en&geocode=&q=43-900+San+Pablo+Ave.+Palm+Desert+CA+92260+United+States,usa_pickleball,2022-02-07 03:22:20,2022-02-07 03:22:20
276151bb-d42d-4039-a389-87e332a793f3,8400 N. Oklahoma Ave.,Oklahoma City,2022-02-06,APP $15k Next Gen – Oklahoma City,15,2022-02-04,OK,https://usapickleball.org/event/app-15k-next-gen-oklahoma-city/,73114,https://maps.google.com/maps?f=q&source=s_q&hl=en&geocode=&q=8400+N.+Oklahoma+Ave.+Oklahoma+City+OK+73114+United+States,usa_pickleball,2022-02-07 03:22:20,2022-02-07 03:22:20
b57de584-84d0-4e44-b846-77265054631e,2343 Tournament Way,Tucson,2022-02-06,2022 Tucson Winter Classic,0,2022-02-04,AZ,https://usapickleball.org/event/2022-tucson-winter-classic/,85713,https://maps.google.com/maps?f=q&source=s_q&hl=en&geocode=&q=2343+Tournament+Way+Tucson+AZ+85713+United+States,usa_pickleball,2022-02-07 03:22:20,2022-02-07 03:22:20
33080e2c-6d1f-456d-a388-2cffc6fcdc79,215 Gothic Ct,Franklin,2022-02-06,Building Lives Veteran Memorial,0,2022-02-04,TN,https://usapickleball.org/event/building-lives-veteran-memorial/,37064,https://maps.google.com/maps?f=q&source=s_q&hl=en&geocode=&q=215+Gothic+Ct+Franklin+TN+37064+United+States,usa_pickleball,2022-02-07 03:22:20,2022-02-07 03:22:20
41f56d0a-6d01-4194-b2f9-dea1bc37c810,16150 W. Clubhouse Dr.,Goodyear,2022-02-11,PebbleCreek Pickleball Club,0,2022-02-09,AZ,https://usapickleball.org/event/pebblecreek-pickleball-club/,85395,https://maps.google.com/maps?f=q&source=s_q&hl=en&geocode=&q=16150+W.+Clubhouse+Dr.+Goodyear+AZ+85395+United+States,usa_pickleball,2022-02-07 03:22:20,2022-02-07 03:22:20
d2ade1de-c872-4592-918d-e46d6fa11363,2491 E 6700 S,Uintah,2022-02-12,Lava Lava Quarrel,0,2022-02-10,UT,https://usapickleball.org/event/lava-lava-quarrel/,84405,https://maps.google.com/maps?f=q&source=s_q&hl=en&geocode=&q=2491+E+6700+S+Uintah+UT+84405+United+States,usa_pickleball,2022-02-07 03:22:20,2022-02-07 03:22:20
898cf4cf-f552-40aa-8cf4-1b84c5532ef2,2601 E Sunset Rd,Las Vegas,2022-02-13,Wickenburg Winter Blast,0,2022-02-11,NV,https://usapickleball.org/event/wickenburg-winter-blast/,89120,https://maps.google.com/maps?f=q&source=s_q&hl=en&geocode=&q=2601+E+Sunset+Rd+Las+Vegas+NV+89120+United+States,usa_pickleball,2022-02-07 03:22:20,2022-02-07 03:22:20
c78bbed9-c9a5-4ccd-9786-da452423ee5a,2601 E Sunset Rd,Las Vegas,2022-02-13,Early Spring Fling,0,2022-02-11,NV,https://usapickleball.org/event/early-spring-fling/,89120,https://maps.google.com/maps?f=q&source=s_q&hl=en&geocode=&q=2601+E+Sunset+Rd+Las+Vegas+NV+89120+United+States,usa_pickleball,2022-02-07 03:22:20,2022-02-07 03:22:20
a1d901be-4d73-40f0-a074-53b571c18ad0,11201 N El Mirage Road,El Mirage,2022-02-15,2022 Kokopelli Klassic Pickleball Tournament,0,2022-02-12,AZ,https://usapickleball.org/event/2022-kokopelli-klassic-pickleball-tournament/,85335,https://maps.google.com/maps?f=q&source=s_q&hl=en&geocode=&q=11201+N+El+Mirage+Road+El+Mirage+AZ+85335+United+States,usa_pickleball,2022-02-07 03:22:20,2022-02-07 03:22:20
e8621a13-c025-4b5e-a346-40ffcc915179,6 Trent Jones Lane,Hilton Head Island,2022-02-13,PPR Pickleball Championships,0,2022-02-12,SC,https://usapickleball.org/event/ppr-pickleball-championships-2/,29928,https://maps.google.com/maps?f=q&source=s_q&hl=en&geocode=&q=6+Trent+Jones+Lane+Hilton+Head+Island+SC+29928+United+States,usa_pickleball,2022-02-07 03:22:20,2022-02-07 03:22:20
b76876ab-817e-4ee9-a897-7f38c4b27547,200 W. Avon Rd.,Rochester Hills,,For the Love of Pickleball Mixed Doubles 2022,0,2022-02-13,MI,https://usapickleball.org/event/for-the-love-of-pickleball-mixed-doubles-2022/,48307,https://maps.google.com/maps?f=q&source=s_q&hl=en&geocode=&q=200+W.+Avon+Rd.+Rochester+Hills+MI+48307+United+States,usa_pickleball,2022-02-07 03:22:20,2022-02-07 03:22:20
d9fea997-95e2-4a11-98c2-ab7730edb6e7,1410 Leisure World,Mesa,2022-02-19,6th Annual Leisure World Pickleball Tournament,0,2022-02-17,AZ,https://usapickleball.org/event/6th-annual-leisure-world-pickleball-tournament/,85206,https://maps.google.com/maps?f=q&source=s_q&hl=en&geocode=&q=1410+Leisure+World+Mesa+AZ+85206+United+States,usa_pickleball,2022-02-07 03:22:20,2022-02-07 03:22:20
d3bf4a33-d03b-468b-9794-b0e537162cf0,7200 E Tanque Verde Rd,Tucson,2022-02-21,Tucson Area Pickleball Give Back Classic,0,2022-02-18,AZ,https://usapickleball.org/event/tucson-area-pickleball-give-back-classic-2/,85715,https://maps.google.com/maps?f=q&source=s_q&hl=en&geocode=&q=7200+E+Tanque+Verde+Rd+Tucson+AZ+85715+United+States,usa_pickleball,2022-02-07 03:22:20,2022-02-07 03:22:20
b6accf1f-fa5a-45cd-ad89-203dc2f5723a,2833 S Springwood Blvd,Mesa,2022-02-25,4th Annual Sunland Springs Village Pickleball Tournament,0,2022-02-21,AZ,https://usapickleball.org/event/4th-annual-sunland-springs-village-pickleball-tournament/,85212,https://maps.google.com/maps?f=q&source=s_q&hl=en&geocode=&q=2833+S+Springwood+Blvd+Mesa+AZ+85212+United+States,usa_pickleball,2022-02-07 03:22:20,2022-02-07 03:22:20
471092db-5266-4e1f-a924-7d17640c9d15,26300 Airport Raod,Punta Gorda,2022-02-27,2022 Punta Gorda Pickleball Open,0,2022-02-23,FL,https://usapickleball.org/event/2022-punta-gorda-pickleball-open/,33950,https://maps.google.com/maps?f=q&source=s_q&hl=en&geocode=&q=26300+Airport+Raod+Punta+Gorda+FL+33950+United+States,usa_pickleball,2022-02-07 03:22:20,2022-02-07 03:22:20
d8a0d41e-b7aa-4877-a893-e7c01ead1ace,One Legacy Drive,Mesa,2022-02-27,Legacy Showcase,0,2022-02-25,AZ,https://usapickleball.org/event/legacy-showcase/,85212,https://maps.google.com/maps?f=q&source=s_q&hl=en&geocode=&q=One+Legacy+Drive+Mesa+AZ+85212+United+States,usa_pickleball,2022-02-07 03:22:20,2022-02-07 03:22:20
d1c8336b-430b-4bcb-837f-b85621267e53,9151 NW 2nd Street,Plantation,2022-03-06,APP $40k Plantation Open,40,2022-03-02,FL,https://usapickleball.org/event/app-40k-plantation-open/,33324,https://maps.google.com/maps?f=q&source=s_q&hl=en&geocode=&q=9151+NW+2nd+Street+Plantation+FL+33324+United+States,usa_pickleball,2022-02-07 03:22:20,2022-02-07 03:22:20
d7582afc-6eef-4095-ac8b-1bd0477b0791,9860 W Union Hills Drive,Sun City,2022-03-06,Sun City Spring Slam Presented by Aetna Medicare Solutions,0,2022-03-04,AZ,https://usapickleball.org/event/sun-city-spring-slam-presented-by-aetna-medicare-solutions-2/,85373,https://maps.google.com/maps?f=q&source=s_q&hl=en&geocode=&q=9860+W+Union+Hills+Drive+Sun+City+AZ+85373+United+States,usa_pickleball,2022-02-07 03:22:20,2022-02-07 03:22:20
4c56407f-bdce-446c-a71f-7fcd3848577c,2601 E Sunset Rd,Las Vegas,2022-03-06,Sin City Classic Round Robin,0,2022-03-04,NV,https://usapickleball.org/event/sin-city-classic-round-robin/,89120,https://maps.google.com/maps?f=q&source=s_q&hl=en&geocode=&q=2601+E+Sunset+Rd+Las+Vegas+NV+89120+United+States,usa_pickleball,2022-02-07 03:22:20,2022-02-07 03:22:20
a4117d06-54a7-4186-b3bc-936f91ed437b,6379 Airlie Road,Warrenton,2022-03-07,Legends Winter Classic,0,2022-03-05,VA,https://usapickleball.org/event/legends-winter-classic/,20187,https://maps.google.com/maps?f=q&source=s_q&hl=en&geocode=&q=6379+Airlie+Road+Warrenton+VA+20187+United+States,usa_pickleball,2022-02-07 03:22:20,2022-02-07 03:22:20
b96eb7f5-aac7-465a-8d4a-dc86dc2d7162,200 W Avon Rd.,Rochester Hills,2022-03-07,Michigan Senior Olympics Winter Games,0,2022-03-05,MI,https://usapickleball.org/event/michigan-senior-olympics-winter-games/,48307,https://maps.google.com/maps?f=q&source=s_q&hl=en&geocode=&q=200+W+Avon+Rd.+Rochester+Hills+MI+48307+United+States,usa_pickleball,2022-02-07 03:22:20,2022-02-07 03:22:20
3e516285-679b-4674-9fb8-b70157adca8d,13800 W Deer Valley Drive,Sun City West,2022-03-10,Fun In The Sun Pickleball Tournament For Charity,0,2022-03-07,AZ,https://usapickleball.org/event/fun-in-the-sun-pickleball-tournament-for-charity/,85375,https://maps.google.com/maps?f=q&source=s_q&hl=en&geocode=&q=13800+W+Deer+Valley+Drive+Sun+City+West+AZ+85375+United+States,usa_pickleball,2022-02-07 03:22:20,2022-02-07 03:22:20
08275837-603a-4c5e-8823-74a33200df82,5624 Robson Blvd.,Eloy,2022-03-13,2022 Robson Ranch Desert Slam 9th Annual Pickleball Tournament,0,2022-03-09,AZ,https://usapickleball.org/event/2022-robson-ranch-desert-slam-9th-annual-pickleball-tournament/,85131,https://maps.google.com/maps?f=q&source=s_q&hl=en&geocode=&q=5624+Robson+Blvd.+Eloy+AZ+85131+United+States,usa_pickleball,2022-02-07 03:22:20,2022-02-07 03:22:20
1c45459b-8e34-4a5b-bad6-642098a37441,420 South Park Ave,Winter Garden,2022-03-13,Winter Garden St Paddle’s Day Pickleball Tournament,0,2022-03-10,FL,https://usapickleball.org/event/winter-garden-st-paddles-day-pickleball-tournament/,34787,https://maps.google.com/maps?f=q&source=s_q&hl=en&geocode=&q=420+South+Park+Ave+Winter+Garden+FL+34787+United+States,usa_pickleball,2022-02-07 03:22:20,2022-02-07 03:22:20
62d93123-8b97-4a85-8a37-93a718785f8a,3 Racquet Club Drive So.,Rancho Mirage,2022-03-13,March Madness of the Desert,0,2022-03-11,CA,https://usapickleball.org/event/march-madness-of-the-desert/,92270,https://maps.google.com/maps?f=q&source=s_q&hl=en&geocode=&q=3+Racquet+Club+Drive+So.+Rancho+Mirage+CA+92270+United+States,usa_pickleball,2022-02-07 03:22:20,2022-02-07 03:22:20
658bdcd9-74a2-4f14-bc63-14ef31bf02ef,5306 North River Road,Oceanside,2022-03-13,March Madness at Melba Pickleball Tournament,0,2022-03-11,CA,https://usapickleball.org/event/march-madness-at-melba-pickleball-tournament/,92057,https://maps.google.com/maps?f=q&source=s_q&hl=en&geocode=&q=5306+North+River+Road+Oceanside+CA+92057+United+States,usa_pickleball,2022-02-07 03:22:20,2022-02-07 03:22:20
baa634be-df7a-4687-8b8b-f85b061d52b7,345 Championship Lane,Templeton,2022-03-13,Zin2Win,0,2022-03-11,CA,https://usapickleball.org/event/zin2win/,93465,https://maps.google.com/maps?f=q&source=s_q&hl=en&geocode=&q=345+Championship+Lane+Templeton+CA+93465+United+States,usa_pickleball,2022-02-07 03:22:20,2022-02-07 03:22:20
33aa1ded-c07f-415e-b526-c1cd17e14653,2601 E Sunset Rd,Las Vegas,2022-03-13,March Madness – Las Vegas,0,2022-03-11,NV,https://usapickleball.org/event/march-madness-las-vegas/,89120,https://maps.google.com/maps?f=q&source=s_q&hl=en&geocode=&q=2601+E+Sunset+Rd+Las+Vegas+NV+89120+United+States,usa_pickleball,2022-02-07 03:22:20,2022-02-07 03:22:20
aab1f20c-05c9-4c08-89df-8f0cbfa3651f,"3000 Grapevine Mills Parkway, Ste. 329",Grapevine,2022-03-13,The Grapevine Indoor,0,2022-03-12,TX,https://usapickleball.org/event/the-grapevine-indoor-3/,76051,https://maps.google.com/maps?f=q&source=s_q&hl=en&geocode=&q=3000+Grapevine+Mills+Parkway%2C+Ste.+329+Grapevine+TX+76051+United+States,usa_pickleball,2022-02-07 03:22:20,2022-02-07 03:22:20
5e6db481-dc4a-405e-872a-9b6f6a50c4d7,201 W. Atlantic Avenue,Delray Beach,2022-03-20,Delray Beach Pickleball Open,0,2022-03-15,FL,https://usapickleball.org/event/delray-beach-pickleball-open/,33444,https://maps.google.com/maps?f=q&source=s_q&hl=en&geocode=&q=201+W.+Atlantic+Avenue+Delray+Beach+FL+33444+United+States,usa_pickleball,2022-02-07 03:22:20,2022-02-07 03:22:20
302f3336-17cf-4369-a813-69c27dc0313d,One Duke Drive,Rancho Mirage,2022-03-20,Coachella Valley Grand Prix Pickleball at The Springs Country Club,0,2022-03-17,CA,https://usapickleball.org/event/coachella-valley-grand-prix-pickleball-at-the-springs-country-club/,92270,https://maps.google.com/maps?f=q&source=s_q&hl=en&geocode=&q=One+Duke+Drive+Rancho+Mirage+CA+92270+United+States,usa_pickleball,2022-02-07 03:22:20,2022-02-07 03:22:20
af830cc2-4523-4273-9aeb-0e0a8ac66a48,One Legacy Drive,Mesa,2022-03-20,Legacy Spring Fling,0,2022-03-18,AZ,https://usapickleball.org/event/legacy-spring-fling/,85212,https://maps.google.com/maps?f=q&source=s_q&hl=en&geocode=&q=One+Legacy+Drive+Mesa+AZ+85212+United+States,usa_pickleball,2022-02-07 03:22:20,2022-02-07 03:22:20
808d41d7-4ad2-4a7e-97fb-44cf9a1b3113,2612 S. Camino de la Canoa,Green Valley,2022-03-20,Southern Arizona Senior Games,0,2022-03-18,AZ,https://usapickleball.org/event/southern-arizona-senior-games-2/,85614,https://maps.google.com/maps?f=q&source=s_q&hl=en&geocode=&q=2612+S.+Camino+de+la+Canoa+Green+Valley+AZ+85614+United+States,usa_pickleball,2022-02-07 03:22:20,2022-02-07 03:22:20
05fe7c62-140f-4c4d-a129-0047ef2b6eac,5850 S Pine Island Rd,Davie,2022-03-20,Maccabi USA Inaugural Pickleball Tournament,0,2022-03-18,FL,https://usapickleball.org/event/inaugural-maccabi-pickleball-tournament/,33328,https://maps.google.com/maps?f=q&source=s_q&hl=en&geocode=&q=5850+S+Pine+Island+Rd+Davie+FL+33328+United+States,usa_pickleball,2022-02-07 03:22:20,2022-02-07 03:22:20
5b2e20a1-2a47-47f8-8c3d-48c6212a4675,15434 W Tierra Buena Ln,Surprise,2022-03-20,MS Charity,0,2022-03-18,,https://usapickleball.org/event/ms-charity-2/,85374,https://maps.google.com/maps?f=q&source=s_q&hl=en&geocode=&q=15434+W+Tierra+Buena+Ln+Surprise+85374+United+States,usa_pickleball,2022-02-07 03:22:20,2022-02-07 03:22:20
0e9e050f-520b-4194-93c9-2d2879de85cc,5025 David Edwards Dr,San Antonio,2022-03-20,2022 Texas Senior Games,0,2022-03-18,TX,https://usapickleball.org/event/2022-texas-senior-games/,78233,https://maps.google.com/maps?f=q&source=s_q&hl=en&geocode=&q=5025+David+Edwards+Dr+San+Antonio+TX+78233+United+States,usa_pickleball,2022-02-07 03:22:20,2022-02-07 03:22:20
58c3b414-00a1-40a5-9a82-e8a0bcfed656,1628 Avalon Ave,Lake Havasu,2022-03-20,8th Annual LHCPBA Picklefest,0,2022-03-18,AZ,https://usapickleball.org/event/8th-annual-lhcpba-picklefest/,86404,https://maps.google.com/maps?f=q&source=s_q&hl=en&geocode=&q=1628+Avalon+Ave+Lake+Havasu+AZ+86404+United+States,usa_pickleball,2022-02-07 03:22:20,2022-02-07 03:22:20
8d76a4bb-91be-4397-a8ef-ff37cff5a2ab,1 Legacy Drive,Mesa,2022-03-27,USA Pickleball Southwest Regional Championships,0,2022-03-22,AZ,https://usapickleball.org/event/usa-pickleball-southwest-regional-championships/,85212,https://maps.google.com/maps?f=q&source=s_q&hl=en&geocode=&q=1+Legacy+Drive+Mesa+AZ+85212+United+States,usa_pickleball,2022-02-07 03:22:20,2022-02-07 03:22:20
eaa212c0-1c39-4e27-b81c-198fc87aa915,2140 E Clubhouse Dr.,Fresno,2022-03-27,Fresno Classic,0,2022-03-25,CA,https://usapickleball.org/event/fresno-classic/,93730,https://maps.google.com/maps?f=q&source=s_q&hl=en&geocode=&q=2140+E+Clubhouse+Dr.+Fresno+CA+93730+United+States,usa_pickleball,2022-02-07 03:22:20,2022-02-07 03:22:20
29bba0fd-cea1-4dd8-a859-ca4df242f806,16400 Brookhurst St,Fountain Valley,2022-03-27,Agape Heart Tournament,0,2022-03-25,CA,https://usapickleball.org/event/agape-heart-tournament/,92708,https://maps.google.com/maps?f=q&source=s_q&hl=en&geocode=&q=16400+Brookhurst+St+Fountain+Valley+CA+92708+United+States,usa_pickleball,2022-02-07 03:22:20,2022-02-07 03:22:20
0cb6b275-c3ce-4040-88f9-0dd6b4738bda,614 Lambs Road,Pitman,,Pickleball Against Poverty Tournament,0,2022-03-26,NJ,https://usapickleball.org/event/pickleball-against-poverty-tournament/,08071,https://maps.google.com/maps?f=q&source=s_q&hl=en&geocode=&q=614+Lambs+Road+Pitman+NJ+08071+United+States,usa_pickleball,2022-02-07 03:22:20,2022-02-07 03:22:20
6e9874bb-4d81-468f-89bc-e823eac02654,2601 E Sunset Rd,Las Vegas,2022-04-03,2022 USA Pickleball Mountain Regional Championship,0,2022-03-28,NV,https://usapickleball.org/event/2022-usa-pickleball-mountain-regional-championship/,89120,https://maps.google.com/maps?f=q&source=s_q&hl=en&geocode=&q=2601+E+Sunset+Rd+Las+Vegas+NV+89120+United+States,usa_pickleball,2022-02-07 03:22:20,2022-02-07 03:22:20
7e152a10-256c-4caa-af99-ac92d4d464fe,One Legacy Drive,Mesa,2022-04-03,APP Phoenix Legacy Open,0,2022-03-29,AZ,https://usapickleball.org/event/app-legacy-open/,85212,https://maps.google.com/maps?f=q&source=s_q&hl=en&geocode=&q=One+Legacy+Drive+Mesa+AZ+85212+United+States,usa_pickleball,2022-02-07 03:22:20,2022-02-07 03:22:20
1782cb06-b922-4fb9-9ef9-4f6ae9f44835,701 Allen Ave,Centralia,2022-04-03,International Indoor Pickleball Championships,0,2022-03-30,WA,https://usapickleball.org/event/international-indoor-pickleball-championships-2/,98531,https://maps.google.com/maps?f=q&source=s_q&hl=en&geocode=&q=701+Allen+Ave+Centralia+WA+98531+United+States,usa_pickleball,2022-02-07 03:22:20,2022-02-07 03:22:20
217b916d-fc87-41bf-a97b-d76a51cb4005,3430 Club Terrace Way,Wickenburg,2022-04-03,2nd Annual Wickenburg Ranch Pickleball Tournament,0,2022-04-01,AZ,https://usapickleball.org/event/2nd-annual-wickenburg-ranch-pickleball-tournament/,85390,https://maps.google.com/maps?f=q&source=s_q&hl=en&geocode=&q=3430+Club+Terrace+Way+Wickenburg+AZ+85390+United+States,usa_pickleball,2022-02-07 03:22:20,2022-02-07 03:22:20
a7c323c2-1ee0-4091-a4cd-3246cc73a3a4,6745 Old Springville Rd,Clay,2022-04-03,2022 Alabama Open,0,2022-04-01,AL,https://usapickleball.org/event/2022-alabama-open/,35048,https://maps.google.com/maps?f=q&source=s_q&hl=en&geocode=&q=6745+Old+Springville+Rd+Clay+AL+35048+United+States,usa_pickleball,2022-02-07 03:22:20,2022-02-07 03:22:20
96895119-8f38-4205-83e1-063d9025537c,1815 Wells St.,Las Cruces,2022-04-03,The Aaron Gifford Benefit Pickleball Tournament,0,2022-04-02,NM,https://usapickleball.org/event/the-aaron-gifford-benefit-pickleball-tournament/,88001,https://maps.google.com/maps?f=q&source=s_q&hl=en&geocode=&q=1815+Wells+St.+Las+Cruces+NM+88001+United+States,usa_pickleball,2022-02-07 03:22:20,2022-02-07 03:22:20
df56c91b-3a68-4af7-b01c-bc2170ca8648,3400 Gateway Blvd,Prescott,2022-04-10,APP Prescott Pickleball Open,0,2022-04-06,AZ,https://usapickleball.org/event/app-prescott-pickleball-open/,86303,https://maps.google.com/maps?f=q&source=s_q&hl=en&geocode=&q=3400+Gateway+Blvd+Prescott+AZ+86303+United+States,usa_pickleball,2022-02-07 03:22:20,2022-02-07 03:22:20
d27d935f-5740-4960-bd26-714760b71cb7,8125 Arlette,Santee,2022-04-10,3rd Annual Spring Heater 2022,0,2022-04-08,CA,https://usapickleball.org/event/3rd-annual-spring-heater-2022/,92071,https://maps.google.com/maps?f=q&source=s_q&hl=en&geocode=&q=8125+Arlette+Santee+CA+92071+United+States,usa_pickleball,2022-02-07 03:22:20,2022-02-07 03:22:20
027558a1-355d-4adb-b566-b61d29c15b04,One Legacy Drive,Mesa,2022-04-16,Legacy Easter Classic,0,2022-04-14,AZ,https://usapickleball.org/event/legacy-easter-classic/,85212,https://maps.google.com/maps?f=q&source=s_q&hl=en&geocode=&q=One+Legacy+Drive+Mesa+AZ+85212+United+States,usa_pickleball,2022-02-07 03:22:20,2022-02-07 03:22:20
f443756b-2770-4564-9b39-937d20759c58,823 Campbell Street,Camden,2022-04-17,APP South Carolina Pickleball Open,0,2022-04-14,SC,https://usapickleball.org/event/app-south-carolina-pickleball-open/,29020,https://maps.google.com/maps?f=q&source=s_q&hl=en&geocode=&q=823+Campbell+Street+Camden+SC+29020+United+States,usa_pickleball,2022-02-07 03:22:20,2022-02-07 03:22:20
8b235207-d98c-4eb7-b72a-5ed23749a1fc,351 South Euclid Avenue,La Habra,2022-04-24,iPickle Pacific Southwest Open,0,2022-04-22,CA,https://usapickleball.org/event/ipickle-pacific-southwest-open/,90631,https://maps.google.com/maps?f=q&source=s_q&hl=en&geocode=&q=351+South+Euclid+Avenue+La+Habra+CA+90631+United+States,usa_pickleball,2022-02-07 03:22:20,2022-02-07 03:22:20
637c68e8-bd3d-479d-b889-10113342f80d,27650 Dickason Drive,Valencia,2022-04-24,Paseo Classic,0,2022-04-22,CA,https://usapickleball.org/event/paseo-classic-2/,91355,https://maps.google.com/maps?f=q&source=s_q&hl=en&geocode=&q=27650+Dickason+Drive+Valencia+CA+91355+United+States,usa_pickleball,2022-02-07 03:22:20,2022-02-07 03:22:20
d5733c68-51ec-4ae2-8b58-fd5e6b32a30b,15941 Donald Curtis Dr,Woodbridge,2022-04-24,2022 Legends Spring Fling,0,2022-04-22,VA,https://usapickleball.org/event/2022-legends-spring-fling/,22191,https://maps.google.com/maps?f=q&source=s_q&hl=en&geocode=&q=15941+Donald+Curtis+Dr+Woodbridge+VA+22191+United+States,usa_pickleball,2022-02-07 03:22:20,2022-02-07 03:22:20
9707c175-ed00-4e34-bc7b-c2d17b0e5ab6,3253 Alma Rd,McKinney,2022-05-01,2022 USA Pickleball Mid-South Regional Diamond Amateur Championship,0,2022-04-28,TX,https://usapickleball.org/event/2022-usa-pickleball-mid-south-regional-diamond-amateur-championship/,75070,https://maps.google.com/maps?f=q&source=s_q&hl=en&geocode=&q=3253+Alma+Rd+McKinney+TX+75070+United+States,usa_pickleball,2022-02-07 03:22:20,2022-02-07 03:22:20
ca8ef084-6837-40e8-bcbd-ed0681d8a080,One Legacy Drive,Mesa,,Legacy Singles Shootout,0,2022-04-30,AZ,https://usapickleball.org/event/legacy-singles-shootout/,85212,https://maps.google.com/maps?f=q&source=s_q&hl=en&geocode=&q=One+Legacy+Drive+Mesa+AZ+85212+United+States,usa_pickleball,2022-02-07 03:22:20,2022-02-07 03:22:20
cff3aafd-c330-40a4-9c89-001d5f19195a,1435 Main St,Cedar Park,2022-05-08,Cedar Park Paddle Battle,0,2022-05-04,TX,https://usapickleball.org/event/cedar-park-paddle-battle-4/,78613,https://maps.google.com/maps?f=q&source=s_q&hl=en&geocode=&q=1435+Main+St+Cedar+Park+TX+78613+United+States,usa_pickleball,2022-02-07 03:22:20,2022-02-07 03:22:20
553adf2c-e3fa-47d0-8512-41fd63da019e,747 Gravois Bluffs Boulevard,Fenton,2022-05-08,APP $60K St. Louis Open,60,2022-05-04,MO,https://usapickleball.org/event/app-60k-st-louis-open/,63026,https://maps.google.com/maps?f=q&source=s_q&hl=en&geocode=&q=747+Gravois+Bluffs+Boulevard+Fenton+MO+63026+United+States,usa_pickleball,2022-02-07 03:22:20,2022-02-07 03:22:20
4298c1d1-6d9e-4723-837c-1e3ad6fe7b2a,1451 Middle Gulf Drive,Sanibel Island,2022-05-07,Sanibel Sundial Cinco De Mayo Fiesta,0,2022-05-05,FL,https://usapickleball.org/event/sanibel-sundial-cinco-de-mayo-fiesta/,33957,https://maps.google.com/maps?f=q&source=s_q&hl=en&geocode=&q=1451+Middle+Gulf+Drive+Sanibel+Island+FL+33957+United+States,usa_pickleball,2022-02-07 03:22:20,2022-02-07 03:22:20
a5396e95-c7b9-4681-b344-d254bba4f421,345 Championship Lane,Templeton,2022-05-15,Mama Loves Pickleball,0,2022-05-12,CA,https://usapickleball.org/event/mama-loves-pickleball/,93465,https://maps.google.com/maps?f=q&source=s_q&hl=en&geocode=&q=345+Championship+Lane+Templeton+CA+93465+United+States,usa_pickleball,2022-02-07 03:22:20,2022-02-07 03:22:20
7609bf14-a397-45e2-acbe-2dbfdee25ecc,2145 S Breiel Blvd,Middletown,2022-05-15,APP $35K Cincinnati Open,35,2022-05-12,OH,https://usapickleball.org/event/app-35k-cincinnati-open/,45044,https://maps.google.com/maps?f=q&source=s_q&hl=en&geocode=&q=2145+S+Breiel+Blvd+Middletown+OH+45044+United+States,usa_pickleball,2022-02-07 03:22:20,2022-02-07 03:22:20
8b956465-48c6-4015-9bc6-b0e0aeb6477b,11 Clubhouse Drive,Newport Beach,2022-05-15,Newport Beach Classic,0,2022-05-13,CA,https://usapickleball.org/event/newport-beach-classic/,92660,https://maps.google.com/maps?f=q&source=s_q&hl=en&geocode=&q=11+Clubhouse+Drive+Newport+Beach+CA+92660+United+States,usa_pickleball,2022-02-07 03:22:20,2022-02-07 03:22:20
912c37a9-d6be-41e8-8d55-5fe75d405b30,One Legacy Drive,Mesa,2022-05-15,Celebrity Tanning Open,0,2022-05-13,AZ,https://usapickleball.org/event/celebrity-tanning-open-2/,85212,https://maps.google.com/maps?f=q&source=s_q&hl=en&geocode=&q=One+Legacy+Drive+Mesa+AZ+85212+United+States,usa_pickleball,2022-02-07 03:22:20,2022-02-07 03:22:20
64019d8d-c1ac-4a72-af6e-3d5cf5a43b5f,1 Old Golf Course Rd,Monterey,2022-05-15,Monterey Bay Pickleball Open,0,2022-05-13,CA,https://usapickleball.org/event/monterey-bay-pickleball-open/,93940,https://maps.google.com/maps?f=q&source=s_q&hl=en&geocode=&q=1+Old+Golf+Course+Rd+Monterey+CA+93940+United+States,usa_pickleball,2022-02-07 03:22:20,2022-02-07 03:22:20
f2d5e0fb-b746-46f1-98aa-ee26643aa68e,360 Grange Road,Allentown,2022-05-22,Spring Shoot Out at Grange Park,0,2022-05-20,PA,https://usapickleball.org/event/spring-shoot-out-at-grange-park/,18106,https://maps.google.com/maps?f=q&source=s_q&hl=en&geocode=&q=360+Grange+Road+Allentown+PA+18106+United+States,usa_pickleball,2022-02-07 03:22:20,2022-02-07 03:22:20
1034c8c4-9f84-465a-9a24-51fcb38e5de0,3400 Gateway Blvd,Prescott,2022-05-22,Prescott Spring Classic,0,2022-05-20,AZ,https://usapickleball.org/event/prescott-spring-classic/,86303,https://maps.google.com/maps?f=q&source=s_q&hl=en&geocode=&q=3400+Gateway+Blvd+Prescott+AZ+86303+United+States,usa_pickleball,2022-02-07 03:22:20,2022-02-07 03:22:20
0b92666c-9257-4b82-8f25-4551d77bd437,568 Pine St.,Omak,2022-05-22,North Cascades Spring Classic,0,2022-05-20,WA,https://usapickleball.org/event/north-cascades-spring-classic-2/,98841,https://maps.google.com/maps?f=q&source=s_q&hl=en&geocode=&q=568+Pine+St.+Omak+WA+98841+United+States,usa_pickleball,2022-02-07 03:22:20,2022-02-07 03:22:20
7cbb1374-4796-4ab7-99e6-b7735ba751c3,1 Legacy Drive,Mesa,2022-05-22,Legacy Under The Lights Series – May,0,2022-05-20,AZ,https://usapickleball.org/event/legacy-under-the-lights-series-may/,85212,https://maps.google.com/maps?f=q&source=s_q&hl=en&geocode=&q=1+Legacy+Drive+Mesa+AZ+85212+United+States,usa_pickleball,2022-02-07 03:22:20,2022-02-07 03:22:20
02c3c49c-0d9e-4d03-963e-4f62c9d4c1e5,Flushing Meadows - Corona Park,Flushing Meadows,2022-05-29,APP $125k NYC Open,125,2022-05-25,NY,https://usapickleball.org/event/app-125k-nyc-open/,11368,https://maps.google.com/maps?f=q&source=s_q&hl=en&geocode=&q=Flushing+Meadows+-+Corona+Park+Flushing+Meadows+NY+11368+United+States,usa_pickleball,2022-02-07 03:22:20,2022-02-07 03:22:20
8ffebf02-e6ad-400f-a4d8-610b46bf3acd,5620 Grand Dr.,St. Louis,2022-05-29,2022 USA Pickleball Middle States Regional Championships,0,2022-05-26,MO,https://usapickleball.org/event/2022-usa-pickleball-middle-states-regional-championships/,63112,https://maps.google.com/maps?f=q&source=s_q&hl=en&geocode=&q=5620+Grand+Dr.+St.+Louis+MO+63112+United+States,usa_pickleball,2022-02-07 03:22:20,2022-02-07 03:22:20
973b81b0-bf8a-4922-a590-20dedb516c5f,5405 W 3100 S,West Valley City,2022-05-30,Island Mixer 2022,0,2022-05-27,UT,https://usapickleball.org/event/island-mixer-2022/,84120,https://maps.google.com/maps?f=q&source=s_q&hl=en&geocode=&q=5405+W+3100+S+West+Valley+City+UT+84120+United+States,usa_pickleball,2022-02-07 03:22:20,2022-02-07 03:22:20
cf6a5b3a-60be-4629-8478-a98bbac79fb6,260 Graham Park Drive,Cranberry Township,2022-06-05,2022 USA Pickleball North Mid-Atlantic Regional Amateur Championship,0,2022-06-03,PA,https://usapickleball.org/event/2022-usa-pickleball-north-mid-atlantic-regional-amateur-championship/,16066,https://maps.google.com/maps?f=q&source=s_q&hl=en&geocode=&q=260+Graham+Park+Drive+Cranberry+Township+PA+16066+United+States,usa_pickleball,2022-02-07 03:22:20,2022-02-07 03:22:20
64f0e275-947f-4fb8-b108-58453ee46914,39359 Racquet Lane,Bethany Beach,2022-06-05,Sea Colony,0,2022-06-03,DE,https://usapickleball.org/event/sea-colony/,19930,https://maps.google.com/maps?f=q&source=s_q&hl=en&geocode=&q=39359+Racquet+Lane+Bethany+Beach+DE+19930+United+States,usa_pickleball,2022-02-07 03:22:20,2022-02-07 03:22:20
06eafdc1-5d59-4eb4-94c8-53b857a306de,5508 Stadium Trace Pkwy,Hoover,2022-06-12,2022 USA Pickleball National Indoor Championships,0,2022-06-06,AL,https://usapickleball.org/event/2022-usa-pickleball-national-indoor-championships/,35244,https://maps.google.com/maps?f=q&source=s_q&hl=en&geocode=&q=5508+Stadium+Trace+Pkwy+Hoover+AL+35244+United+States,usa_pickleball,2022-02-07 03:22:20,2022-02-07 03:22:20
20f4d339-16d4-4b00-b89b-c0029e4c2305,220 Mesa Rd,Colorado Springs,2022-06-12,2022 Great Plains Diamond Regional Championships,0,2022-06-06,CO,https://usapickleball.org/event/2022-great-plains-diamond-regional-championships/,80903,https://maps.google.com/maps?f=q&source=s_q&hl=en&geocode=&q=220+Mesa+Rd+Colorado+Springs+CO+80903+United+States,usa_pickleball,2022-02-07 03:22:20,2022-02-07 03:22:20
02680395-1f31-4b97-9538-5f60394326e9,5757 State Hwy 205,Rockwall,2022-06-12,Lonestar Classic,0,2022-06-10,TX,https://usapickleball.org/event/lonestar-classic-2/,75032,https://maps.google.com/maps?f=q&source=s_q&hl=en&geocode=&q=5757+State+Hwy+205+Rockwall+TX+75032+United+States,usa_pickleball,2022-02-07 03:22:20,2022-02-07 03:22:20
d7320001-b3bd-4af9-9b9c-964d3692b006,One Legacy Drive,Mesa,2022-06-12,Legacy Under The Lights Series – June,0,2022-06-10,AZ,https://usapickleball.org/event/legacy-under-the-lights-series-june/,85212,https://maps.google.com/maps?f=q&source=s_q&hl=en&geocode=&q=One+Legacy+Drive+Mesa+AZ+85212+United+States,usa_pickleball,2022-02-07 03:22:20,2022-02-07 03:22:20
ee3825b8-f350-4e71-9793-da957c36acee,508 N Hadley Rd,Fort Wayne,2022-06-19,USA Pickleball Great Lakes Diamond Series Regional Championship,0,2022-06-16,IN,https://usapickleball.org/event/usa-pickleball-great-lakes-diamond-series-regional-championship/,46804,https://maps.google.com/maps?f=q&source=s_q&hl=en&geocode=&q=508+N+Hadley+Rd+Fort+Wayne+IN+46804+United+States,usa_pickleball,2022-02-07 03:22:20,2022-02-07 03:22:20
f4710bc9-4af4-45d9-b3e4-aa1950f8aa72,94-801 Kamehameha Highway,Waipahu,2022-06-19,2022 Hawaii Pacific Rim Pickleball Cup,0,2022-06-16,HI,https://usapickleball.org/event/2022-hawaii-pacific-rim-pickleball-cup/,96879,https://maps.google.com/maps?f=q&source=s_q&hl=en&geocode=&q=94-801+Kamehameha+Highway+Waipahu+HI+96879+United+States,usa_pickleball,2022-02-07 03:22:20,2022-02-07 03:22:20
a667dca2-a0d7-47d0-bedb-e5311e07aa9a,1001 SportsPlex Parkway,Opelika,2022-06-26,USA Pickleball Atlantic South Regional Championships,0,2022-06-21,AL,https://usapickleball.org/event/usa-pickleball-atlantic-south-regional-championships/,36801,https://maps.google.com/maps?f=q&source=s_q&hl=en&geocode=&q=1001+SportsPlex+Parkway+Opelika+AL+36801+United+States,usa_pickleball,2022-02-07 03:22:20,2022-02-07 03:22:20
a9a070da-2881-42b0-af03-39c1410da6e2,2445 Congress Street,Portland,2022-06-26,USA Pickleball Atlantic Regional Championships,0,2022-06-24,ME,https://usapickleball.org/event/usapa-atlantic-regional-4/,04102,https://maps.google.com/maps?f=q&source=s_q&hl=en&geocode=&q=2445+Congress+Street+Portland+ME+04102+United+States,usa_pickleball,2022-02-07 03:22:20,2022-02-07 03:22:20
3c6648ac-3d39-46b4-b774-96a98ad178a0,301 Glenwood Rd.,Rossford,2022-06-26,2022 Toledo Pickleball Glass City Invitational,0,2022-06-24,OH,https://usapickleball.org/event/2022-toledo-pickleball-glass-city-invitational/,43460,https://maps.google.com/maps?f=q&source=s_q&hl=en&geocode=&q=301+Glenwood+Rd.+Rossford+OH+43460+United+States,usa_pickleball,2022-02-07 03:22:20,2022-02-07 03:22:20
ef227ecb-c048-40b8-92bd-9aa993e015eb,220 Mesa Rd,Colorado Springs,2022-06-26,The Springs Classic,0,2022-06-24,CO,https://usapickleball.org/event/the-springs-classic-2/,80903,https://maps.google.com/maps?f=q&source=s_q&hl=en&geocode=&q=220+Mesa+Rd+Colorado+Springs+CO+80903+United+States,usa_pickleball,2022-02-07 03:22:20,2022-02-07 03:22:20
220a40d9-ef8a-4d26-9f74-4c179b7a8c56,11 Clubhouse Drive,Newport Beach,2022-07-02,USA Pickleball Newport Beach Championships,0,2022-06-27,CA,https://usapickleball.org/event/usa-pickleball-newport-beach-championships-2/,92660,https://maps.google.com/maps?f=q&source=s_q&hl=en&geocode=&q=11+Clubhouse+Drive+Newport+Beach+CA+92660+United+States,usa_pickleball,2022-02-07 03:22:20,2022-02-07 03:22:20
90e076e6-ed52-4ff2-b248-2535bd040556,221 N600 W,Brigham City,2022-07-02,Great Salt Lake Classic,0,2022-06-30,UT,https://usapickleball.org/event/great-salt-lake-classic-2/,84302,https://maps.google.com/maps?f=q&source=s_q&hl=en&geocode=&q=221+N600+W+Brigham+City+UT+84302+United+States,usa_pickleball,2022-02-07 03:22:20,2022-02-07 03:22:20
c5b45fca-1c6e-4003-a326-f8e374552483,Falls Avenue,Twin Falls,2022-07-09,Middlekauff Magic Valley Mustang Rally Pickleball Tournament,0,2022-07-07,ID,https://usapickleball.org/event/middlekauff-magic-valley-mustang-rally-pickleball-tournament/,83301,https://maps.google.com/maps?f=q&source=s_q&hl=en&geocode=&q=Falls+Avenue+Twin+Falls+ID+83301+United+States,usa_pickleball,2022-02-07 03:22:20,2022-02-07 03:22:20
3c9c54fb-8989-4a36-aa8e-c72dab0d3f24,4 Hampton Road,Exeter,2022-07-10,2022 Big Brothers Big Sisters New Hampshire,0,2022-07-08,NH,https://usapickleball.org/event/2022-big-brothers-big-sisters-new-hampshire/,03833,https://maps.google.com/maps?f=q&source=s_q&hl=en&geocode=&q=4+Hampton+Road+Exeter+NH+03833+United+States,usa_pickleball,2022-02-07 03:22:20,2022-02-07 03:22:20
beaa2abc-3d74-4856-9144-d52d83497849,360 Grange Road,Allentown,2022-07-10,Liberty Bell Classic,0,2022-07-08,PA,https://usapickleball.org/event/liberty-bell-classic/,18106,https://maps.google.com/maps?f=q&source=s_q&hl=en&geocode=&q=360+Grange+Road+Allentown+PA+18106+United+States,usa_pickleball,2022-02-07 03:22:20,2022-02-07 03:22:20
8ceae26f-4cbb-4841-8739-c88821b5f2af,2700 Trail Way,Highland Park,2022-07-17,Chicago Classic,0,2022-07-15,IL,https://usapickleball.org/event/chicago-classic/,60035,https://maps.google.com/maps?f=q&source=s_q&hl=en&geocode=&q=2700+Trail+Way+Highland+Park+IL+60035+United+States,usa_pickleball,2022-02-07 03:22:20,2022-02-07 03:22:20
21b3ae20-db85-4b48-83a8-2173113e3eaa,30 Coldbrook Street NE,Grand Rapids,2022-07-24,Grand Rapids Beer City Open Pickleball Championships,0,2022-07-20,MI,https://usapickleball.org/event/grand-rapids-beer-city-open-pickleball-championships/,49503,https://maps.google.com/maps?f=q&source=s_q&hl=en&geocode=&q=30+Coldbrook+Street+NE+Grand+Rapids+MI+49503+United+States,usa_pickleball,2022-02-07 03:22:20,2022-02-07 03:22:20
593b42ed-d63c-4e2a-a884-8c830c2fa55d,700 NW Innis Arden Way,Shoreline,2022-07-24,2022 Seattle Metro Pickleball Classic $$,0,2022-07-20,WA,https://usapickleball.org/event/2022-seattle-metro-pickleball-classic/,98177,https://maps.google.com/maps?f=q&source=s_q&hl=en&geocode=&q=700+NW+Innis+Arden+Way+Shoreline+WA+98177+United+States,usa_pickleball,2022-02-07 03:22:20,2022-02-07 03:22:20
c5d8b215-c563-4aab-a10f-ebc2362fcbde,5405 W 3100 S,West Valley City,2022-07-23,Polynesian Open,0,2022-07-21,UT,https://usapickleball.org/event/polynesian-open-2/,84120,https://maps.google.com/maps?f=q&source=s_q&hl=en&geocode=&q=5405+W+3100+S+West+Valley+City+UT+84120+United+States,usa_pickleball,2022-02-07 03:22:20,2022-02-07 03:22:20
b9498587-bd5d-46e9-98cd-fe4cfe0326f2,3300 East Bayaud Avenue,Denver,2022-07-31,Rocky Mountain Championships,0,2022-07-26,CO,https://usapickleball.org/event/rocky-mountain-championships-2/,80209,https://maps.google.com/maps?f=q&source=s_q&hl=en&geocode=&q=3300+East+Bayaud+Avenue+Denver+CO+80209+United+States,usa_pickleball,2022-02-07 03:22:20,2022-02-07 03:22:20
4aeee99c-fca9-4160-be23-48bdc2fbab09,1000 Fort Duquesne Blvd,Pittsburgh,2022-08-07,2022 Gamma Pickleball Classic,0,2022-08-05,PA,https://usapickleball.org/event/2022-gamma-pickleball-classic/,15222,https://maps.google.com/maps?f=q&source=s_q&hl=en&geocode=&q=1000+Fort+Duquesne+Blvd+Pittsburgh+PA+15222+United+States,usa_pickleball,2022-02-07 03:22:20,2022-02-07 03:22:20
32f5d433-7348-4f0d-87ad-250dd6f2d4ef,7000 Norma Dr,Huntington Beach,2022-08-07,2022 Surf City Pickleball Tournament,0,2022-08-05,CA,https://usapickleball.org/event/2022-surf-city-pickleball-tournament/,92647,https://maps.google.com/maps?f=q&source=s_q&hl=en&geocode=&q=7000+Norma+Dr+Huntington+Beach+CA+92647+United+States,usa_pickleball,2022-02-07 03:22:20,2022-02-07 03:22:20
2ec8b4de-fe9a-4935-90fc-1a16d3114135,1510 Neroly Rd,Oakley,2022-08-07,West Coast Classic,0,2022-08-05,CA,https://usapickleball.org/event/west-coast-classic-2/,94561,https://maps.google.com/maps?f=q&source=s_q&hl=en&geocode=&q=1510+Neroly+Rd+Oakley+CA+94561+United+States,usa_pickleball,2022-02-07 03:22:20,2022-02-07 03:22:20
72892b9d-ed5d-4c4d-a5d8-4052cae45b6b,4 Hampton Road,Exeter,2022-08-14,2022 NH Senior Games,0,2022-08-12,NH,https://usapickleball.org/event/2022-nh-senior-games/,03833,https://maps.google.com/maps?f=q&source=s_q&hl=en&geocode=&q=4+Hampton+Road+Exeter+NH+03833+United+States,usa_pickleball,2022-02-07 03:22:20,2022-02-07 03:22:20
59cb25cb-9363-4819-b6c6-de86d1d31362,5620 Grand Dr.,St. Louis,2022-08-21,St. Louis Classic,0,2022-08-19,MO,https://usapickleball.org/event/st-louis-classic/,63112,https://maps.google.com/maps?f=q&source=s_q&hl=en&geocode=&q=5620+Grand+Dr.+St.+Louis+MO+63112+United+States,usa_pickleball,2022-02-07 03:22:20,2022-02-07 03:22:20
ff74298c-a4cc-45f8-9dfc-20da3e1ba4b9,W 82nd Ave,Arvada,2022-08-28,Mile High Classic,0,2022-08-26,CO,https://usapickleball.org/event/mile-high-classic-2/,80005,https://maps.google.com/maps?f=q&source=s_q&hl=en&geocode=&q=W+82nd+Ave+Arvada+CO+80005+United+States,usa_pickleball,2022-02-07 03:22:20,2022-02-07 03:22:20
b006625b-f1f4-46e3-8cc2-34b2c05e344c,6500 Pacific Boulevard SW,Albany,2022-08-28,Rally in the Valley,0,2022-08-26,OR,https://usapickleball.org/event/rally-in-the-valley/,97321,https://maps.google.com/maps?f=q&source=s_q&hl=en&geocode=&q=6500+Pacific+Boulevard+SW+Albany+OR+97321+United+States,usa_pickleball,2022-02-07 03:22:20,2022-02-07 03:22:20
33f83877-a77d-43d0-9a44-f6337f21d9f3,11 Clubhouse Drive,Newport Beach,2022-09-05,Newport Beach Labor Day Tournament,0,2022-09-02,CA,https://usapickleball.org/event/newport-beach-labor-day-tournament/,92660,https://maps.google.com/maps?f=q&source=s_q&hl=en&geocode=&q=11+Clubhouse+Drive+Newport+Beach+CA+92660+United+States,usa_pickleball,2022-02-07 03:22:20,2022-02-07 03:22:20
982a943a-8d17-4122-a4c5-be5e9f0c140f,4251 Phillips Farm Road,Columbia,2022-09-04,Missouri State Indoor Pickleball Championships,0,2022-09-02,MO,https://usapickleball.org/event/missouri-state-indoor-pickleball-championships/,65201,https://maps.google.com/maps?f=q&source=s_q&hl=en&geocode=&q=4251+Phillips+Farm+Road+Columbia+MO+65201+United+States,usa_pickleball,2022-02-07 03:22:20,2022-02-07 03:22:20
20a27280-1826-4c44-958a-953cea1678ae,Lehner Street,Wolfeboro,2022-09-11,Eighth Annual NH Lakes Region Pickleball Club Tournament,0,2022-09-09,NH,https://usapickleball.org/event/eighth-annual-nh-lakes-region-pickleball-club-tournament/,03894,https://maps.google.com/maps?f=q&source=s_q&hl=en&geocode=&q=Lehner+Street+Wolfeboro+NH+03894+United+States,usa_pickleball,2022-02-07 03:22:20,2022-02-07 03:22:20
f883fffe-6aaa-4a82-a9fe-26ca1f35cc86,525 Mill Street,Festus,2022-09-11,Twin City Days Pickleball Invitational (4.0—5.0 Skill Groups),0,2022-09-09,MO,https://usapickleball.org/event/twin-city-days-pickleball-invitational-4-0-5-0-skill-groups/,63028,https://maps.google.com/maps?f=q&source=s_q&hl=en&geocode=&q=525+Mill+Street+Festus+MO+63028+United+States,usa_pickleball,2022-02-07 03:22:20,2022-02-07 03:22:20
2d979987-00ae-4374-88a0-6bd4debd57d6,1040 Park Ave,Long Beach,2022-09-11,NP California Open,0,2022-09-09,CA,https://usapickleball.org/event/np-california-open/,90804,https://maps.google.com/maps?f=q&source=s_q&hl=en&geocode=&q=1040+Park+Ave+Long+Beach+CA+90804+United+States,usa_pickleball,2022-02-07 03:22:20,2022-02-07 03:22:20
6664d278-2cde-46fb-ae43-54b1ae41d4b9,151 Southlake Ave,Ridgeland,2022-09-18,The Club Fall Challenge,0,2022-09-16,MS,https://usapickleball.org/event/the-club-fall-challenge/,39157,https://maps.google.com/maps?f=q&source=s_q&hl=en&geocode=&q=151+Southlake+Ave+Ridgeland+MS+39157+United+States,usa_pickleball,2022-02-07 03:22:20,2022-02-07 03:22:20
cfc5f930-6a87-40b5-8720-f988a13a486a,1 Convention Boulevard,Atlantic City,2022-09-24,Atlantic City Pickleball Open,0,2022-09-19,NJ,https://usapickleball.org/event/atlantic-city-pickleball-open/,08401,https://maps.google.com/maps?f=q&source=s_q&hl=en&geocode=&q=1+Convention+Boulevard+Atlantic+City+NJ+08401+United+States,usa_pickleball,2022-02-07 03:22:20,2022-02-07 03:22:20
3a6eb843-6090-463b-a0a5-1f62f26f8cce,2115 Sports Center Way,Myrtle Beach,2022-09-25,2022 USA Pickleball Mid-Atlantic Diamond Regional,0,2022-09-21,SC,https://usapickleball.org/event/2022-usa-pickleball-mid-atlantic-diamond-regional/,29577,https://maps.google.com/maps?f=q&source=s_q&hl=en&geocode=&q=2115+Sports+Center+Way+Myrtle+Beach+SC+29577+United+States,usa_pickleball,2022-02-07 03:22:20,2022-02-07 03:22:20
3cf09f36-57b5-4013-a44a-2ed734f46c9e,221 N600 W,Brigham City,2022-09-25,Utah Open,0,2022-09-23,UT,https://usapickleball.org/event/utah-open-2/,84302,https://maps.google.com/maps?f=q&source=s_q&hl=en&geocode=&q=221+N600+W+Brigham+City+UT+84302+United+States,usa_pickleball,2022-02-07 03:22:20,2022-02-07 03:22:20
7cb3c174-158e-4fa7-bd56-441b741bf6b8,14343 Silverset St.,Poway,2022-10-02,Poway Classic,0,2022-09-30,CA,https://usapickleball.org/event/poway-classic/,92064,https://maps.google.com/maps?f=q&source=s_q&hl=en&geocode=&q=14343+Silverset+St.+Poway+CA+92064+United+States,usa_pickleball,2022-02-07 03:22:20,2022-02-07 03:22:20
e6c4140c-4491-4ff5-a119-843c37c6a4ac,5757 SH-205,Rockwall,2022-10-09,The Rumble,0,2022-10-06,TX,https://usapickleball.org/event/the-rumble/,75032,https://maps.google.com/maps?f=q&source=s_q&hl=en&geocode=&q=5757+SH-205+Rockwall+TX+75032+United+States,usa_pickleball,2022-02-07 03:22:20,2022-02-07 03:22:20
1b0bc607-ec64-4c16-8722-66dee98562b8,2900 Truxtun Ave,Bakersfield,2022-10-09,NP Central Valley Classic,0,2022-10-07,CA,https://usapickleball.org/event/np-central-valley-classic/,93301,https://maps.google.com/maps?f=q&source=s_q&hl=en&geocode=&q=2900+Truxtun+Ave+Bakersfield+CA+93301+United+States,usa_pickleball,2022-02-07 03:22:20,2022-02-07 03:22:20
4e87229f-719e-48ee-8608-9fc450556a3a,11 Clubhouse Drive,Newport Beach,2022-10-16,Newport Beach Invitational,0,2022-10-14,CA,https://usapickleball.org/event/newport-beach-invitational-2/,92660,https://maps.google.com/maps?f=q&source=s_q&hl=en&geocode=&q=11+Clubhouse+Drive+Newport+Beach+CA+92660+United+States,usa_pickleball,2022-02-07 03:22:20,2022-02-07 03:22:20
6f54dc75-4a1c-459b-8f88-d28b10e50cd8,1901 Price Road,Bartlesville,2022-10-16,2022 Bartlesville Pickleball Fall Classic,0,2022-10-14,OK,https://usapickleball.org/event/2022-bartlesville-pickleball-fall-classic/,74006,https://maps.google.com/maps?f=q&source=s_q&hl=en&geocode=&q=1901+Price+Road+Bartlesville+OK+74006+United+States,usa_pickleball,2022-02-07 03:22:20,2022-02-07 03:22:20
d9383cf2-0ddb-45c2-b912-a13775e2f586,2612 S. Camino de la Canoa,Green Valley,2022-10-23,Foundation Games,0,2022-10-21,AZ,https://usapickleball.org/event/foundation-games-2/,85614,https://maps.google.com/maps?f=q&source=s_q&hl=en&geocode=&q=2612+S.+Camino+de+la+Canoa+Green+Valley+AZ+85614+United+States,usa_pickleball,2022-02-07 03:22:20,2022-02-07 03:22:20
2b2cc8c1-5d1e-4461-b4b6-11a453a02520,600 Nickerson Dr.,Paso Robles,2022-10-23,Wine Country Classic,0,2022-10-21,CA,https://usapickleball.org/event/wine-country-classic-2/,93446,https://maps.google.com/maps?f=q&source=s_q&hl=en&geocode=&q=600+Nickerson+Dr.+Paso+Robles+CA+93446+United+States,usa_pickleball,2022-02-07 03:22:20,2022-02-07 03:22:20
b7f50571-dba1-4912-93a0-d9b11e265934,10735 SW Matisse Ln,Port St. Lucie,2022-10-30,NP Port St. Lucie Classic,0,2022-10-28,FL,https://usapickleball.org/event/np-port-st-lucie-classic/,34987,https://maps.google.com/maps?f=q&source=s_q&hl=en&geocode=&q=10735+SW+Matisse+Ln+Port+St.+Lucie+FL+34987+United+States,usa_pickleball,2022-02-07 03:22:20,2022-02-07 03:22:20
d80a379e-d20c-47f8-9935-a72c1cf7f536,11 Clubhouse Drive,Newport Beach,2022-11-20,The Open at Newport Beach (Amateurs),0,2022-11-17,CA,https://usapickleball.org/event/the-open-at-newport-beach-amateurs/,92660,https://maps.google.com/maps?f=q&source=s_q&hl=en&geocode=&q=11+Clubhouse+Drive+Newport+Beach+CA+92660+United+States,usa_pickleball,2022-02-07 03:22:20,2022-02-07 03:22:20
7c309212-936e-41fe-92f6-f40e100883ad,One Legacy Drive,Mesa,2022-11-20,NP Arizona Open,0,2022-11-18,AZ,https://usapickleball.org/event/np-arizona-open/,85212,https://maps.google.com/maps?f=q&source=s_q&hl=en&geocode=&q=One+Legacy+Drive+Mesa+AZ+85212+United+States,usa_pickleball,2022-02-07 03:22:20,2022-02-07 03:22:20
92739aa3-19b5-41d8-8467-18e8064e26cc,1451 Middle Gulf Drive,Sanibel,2022-11-20,American Pickleball Sanibel Island – LoanWithRick.com $$$,0,2022-11-18,FL,https://usapickleball.org/event/american-pickleball-sanibel-island-loanwithrick-com/,33957,https://maps.google.com/maps?f=q&source=s_q&hl=en&geocode=&q=1451+Middle+Gulf+Drive+Sanibel+FL+33957+United+States,usa_pickleball,2022-02-07 03:22:20,2022-02-07 03:22:20
9c19b822-ac26-42ff-a70c-8b623294799a,77333 Country Club Dr,Palm Desert,2022-12-04,NP Palm Desert Open,0,2022-12-02,CA,https://usapickleball.org/event/np-palm-desert-open/,92211,https://maps.google.com/maps?f=q&source=s_q&hl=en&geocode=&q=77333+Country+Club+Dr+Palm+Desert+CA+92211+United+States,usa_pickleball,2022-02-07 03:22:20,2022-02-07 03:22:20
